node,label,degree,category_matches_with_source,in_edges,out_edges,shared_neighbors_with_entry_score,centrality,page_rank,adjusted_reciprocity,shortest_path_length_from_entry,shortest_path_length_to_entry,jaccard_similarity,primary_link,similarity_rank
Pitch contour,before,0.005948237676390559,0.5,0.003660130718954249,0.013499480789200416,0.0036722972430177814,0.005394636265033789,0.005592245630457542,0.032786885245901634,0.1111111111111111,0.4,0.0022058823529411764,1.0,1.0
Contrapuntal motion,before,0.002721002341327596,0.5,0.0019607843137254897,0.004845967462789893,0.016747778797693066,0.005916861253811924,0.003278799654717961,0.00585480093676815,0.1111111111111111,0.2,0.013646702047005308,0.0,0.777371919418544
False relation,before,0.005758400303739796,0.5,0.003202614379084968,0.0148840429214261,0.017124629543304275,0.006394981678319282,0.004418823012061835,0.02927400468384075,0.1111111111111111,0.2,0.014210919970082276,0.0,0.7398442941268353
Consecutive fifths,before,0.00753021578181358,0.5,0.002091503267973857,0.030460366908965038,0.02426946016358344,0.008024091024781894,0.0029045889666178396,0.008196721311475409,0.1111111111111111,0.2,0.009042954031650341,0.0,0.7197244913948622
Part (music),before,0.014237802948807188,0.0,0.008627450980392158,0.032537210107303566,0.03813231445633178,0.015268588328271578,0.01863223785683489,0.05035128805620609,0.1111111111111111,0.2,0.02639087018544936,1.0,0.6613778573185262
Common practice period,after,0.017211921787002468,0.0,0.013790849673202616,0.0214607130494981,0.06321981418022599,0.05662646101897222,0.017873016919468642,0.0351288056206089,0.1111111111111111,0.2,0.060055865921787716,1.0,0.6509810268915464
Monophony,before,0.01664240966905018,0.5,0.012614379084967322,0.024575977847005888,0.017768876822274543,0.008419651503369225,0.024175234948612692,0.02810304449648712,0.1111111111111111,0.2,0.013513513513513514,0.0,0.6220473023758565
The Well-Tempered Clavier,after,0.03385433145605265,0.5,0.018300653594771243,0.08861197646244376,0.03670177124290428,0.05978694505686893,0.015476502158043463,0.117096018735363,0.1111111111111111,0.2,0.025856496444731737,0.0,0.5194191420921116
Post-tonal music theory,after,0.0065177497943428465,0.5,0.002091503267973857,0.024922118380062308,0.02268353658880693,0.007004304304347501,0.00209308190308773,0.02810304449648712,0.2222222222222222,0.2,0.006766917293233083,0.0,0.508583765311835
Atmosph√®res,after,0.009302031259887362,0.5,0.003137254901960785,0.034614053305642094,0.015248288757313455,0.0041931658044258935,0.001570864531269374,0.048009367681498834,0.2222222222222222,0.2,0.004447739065974796,0.0,0.4902931419350739
History of sonata form,after,0.014301082073024109,0.5,0.004575163398692811,0.054344063689858085,0.033094189129794616,0.0019773897269390072,0.004392589890054271,0.07611241217798595,0.2222222222222222,0.2,0.0029133284777858705,0.0,0.4739167622915194
Melodic fission,before,0.012402708346516484,0.5,0.005686274509803922,0.0380754586362063,0.00420756889526744,0.0007586993778878487,0.009939735154384552,0.0936768149882904,0.2222222222222222,0.2,0.002156721782890007,0.0,0.4722849815021044
Cello Suites (Bach),after,0.021008669240017718,0.5,0.011830065359477126,0.052613361024575984,0.018810049957060825,0.030964424794997045,0.011354861792152195,0.08548009367681499,0.2222222222222222,0.2,0.008130081300813009,0.0,0.43884028481384346
Symphony No. 9 (Mahler),after,0.019806365879896218,0.5,0.006601307189542484,0.07372793354101766,0.012976643517998786,0.005973683572263467,0.002829799818323346,0.042154566744730684,0.2222222222222222,0.2,0.0035637918745545258,0.0,0.4357266543318744
Chorale,after,0.042713408846421566,0.5,0.03215686274509804,0.06368985808238145,0.05563499302182317,0.057712037199304726,0.018892886011472567,0.04566744730679157,0.2222222222222222,0.2,0.0453224869262057,0.0,0.3710027243698917
StarCraft II: Heart of the Swarm,after,0.010419812745394141,1.0,0.0051176532658014145,0.04329173166926677,0.3204485781906307,0.5927552937881249,0.0026712483810158124,0.05606060606060606,0.16666666666666666,0.2,0.2473498233215548,0.0,1.0
StarCraft (video game),before,0.017114668277458975,0.9166666666666666,0.005064893953782843,0.09555382215288613,0.19621117222568965,1.0,0.0038809705417880455,0.08787878787878786,0.16666666666666666,0.2,0.2526690391459075,1.0,0.9053614563701968
StarCraft: Brood War,before,0.0115775697171046,0.8333333333333333,0.006120080194154268,0.04485179407176288,0.20219945226258407,0.6480326578358953,0.002641592694058673,0.05303030303030303,0.16666666666666666,0.2,0.20388349514563106,0.0,0.8169604327295243
StarCraft II: Legacy of the Void,after,0.008859357696566999,0.75,0.004220744961485702,0.03783151326053042,0.2942065684236853,0.5426802566536434,0.001999212133399416,0.048484848484848485,0.16666666666666666,0.2,0.20863309352517986,0.0,0.7754795295980225
StarCraft II: Wings of Liberty,after,0.021544347125742474,0.08333333333333333,0.013506383876754248,0.06747269890795632,1.0,0.9952193379875124,0.00731318251163437,0.1106060606060606,0.0,0.0,1.0,0.0,0.5485645933921122
Jim Raynor,after,0.003976643511527232,0.0,0.0021631317927614225,0.015210608424336976,0.1097520461161212,0.08887048476337682,0.0005056899860257244,0.03484848484848485,0.16666666666666666,0.2,0.133587786259542,1.0,0.1017732305255898
List of StarCraft media,after,0.006392831974227323,0.08333333333333333,0.0017410572966128524,0.03705148205928237,0.12363180229394778,0.13135571629001305,0.0004388750446802525,0.03333333333333333,0.16666666666666666,0.2,0.12890625,0.0,0.09982952407749213
Races of StarCraft,before,0.008557334138729488,0.08333333333333333,0.003218318033132848,0.04290171606864275,0.13499029906256085,0.14434749410665731,0.0012644635040633106,0.03636363636363636,0.16666666666666666,0.2,0.1828358208955224,0.0,0.09766749260059997
Real-time strategy,before,0.08043894090405718,0.08333333333333333,0.06827054975203124,0.11895475819032762,0.04236747783451498,0.26884460221474243,0.0402703062046006,0.27121212121212124,0.16666666666666666,0.2,0.03127079174983367,1.0,0.08406918689236327
StarCraft,before,0.032467532467532464,0.08333333333333333,0.01936266751081566,0.10881435257410296,0.1938812651195646,0.3169302621302664,0.011236572901352215,0.1212121212121212,0.16666666666666666,0.2,0.19807692307692307,0.0,0.07842578899194738
Blizzard Entertainment,before,0.04852511829256015,0.0,0.040941226126411316,0.07371294851794072,0.1309818572609218,0.3639085674114599,0.0234708049580114,0.13636363636363635,0.16666666666666666,0.2,0.1390728476821192,1.0,0.06385156983812296
Warcraft,before,0.02506795530051344,0.08333333333333333,0.012978790756568534,0.09867394695787833,0.12959215401227742,0.3065313931695015,0.0075053433840838344,0.15000000000000002,0.3333333333333333,0.2,0.11804008908685967,0.0,0.06112295224670197
Expansion pack,after,0.03221584616933454,0.0,0.03207766170729134,0.012870514820592824,0.028814269280358417,0.1380146526114204,0.009901112325281514,0.021212121212121213,0.16666666666666666,0.6000000000000001,0.02369668246445497,1.0,0.0394295550915646
Activision,before,0.12377932145374004,0.08333333333333333,0.10662656958953257,0.17121684867394696,0.017245135624614074,0.07726399778648989,0.05535918196660165,0.44545454545454544,0.16666666666666666,0.4,0.01335113484646195,0.0,0.029409140552238394
StarCraft II World Championship Series,after,0.018574448807006944,0.0,0.010921177587844257,0.06357254290171607,0.23244903848520346,0.29921154315723464,0.0029055350676269512,0.2015151515151515,0.16666666666666666,0.2,0.2790055248618785,0.0,0.02656335010956455
StarCraft II in esports,after,0.019228833182321558,0.0,0.010446343779677113,0.07215288611544463,0.22540359299529575,0.2930183100489149,0.0027920251314039963,0.1984848484848485,0.16666666666666666,0.2,0.2788732394366197,0.0,0.025646037974003468
StarCraft in esports,after,0.02219873150105708,0.0,0.01150153002004854,0.0873634945397816,0.2066113973540079,0.3489068690294507,0.0035829811676338467,0.2196969696969697,0.16666666666666666,0.2,0.23759791122715404,0.0,0.024839101174401232
BlizzCon,after,0.023557837511325886,0.0,0.010551862403714257,0.10491419656786273,0.16159341434951818,0.27737731758144685,0.0065156181399886855,0.17424242424242425,0.16666666666666666,0.2,0.1968503937007874,0.0,0.01922186096472237
Battle.net,before,0.022903453136011283,0.0,0.01150153002004854,0.09282371294851796,0.16332792274753202,0.20773019507446688,0.008483926774437496,0.2181818181818182,0.16666666666666666,0.2,0.1791044776119403,0.0,0.0190883345025722
2018 StarCraft II World Championship Series,after,0.00463102788684184,0.0,0.001899335232668566,0.022230889235569425,0.18215891999187306,0.058279979418044074,0.0002562031874504005,0.042424242424242434,0.16666666666666666,0.2,0.13618677042801555,0.0,0.01852010433357577
Global StarCraft II League,after,0.016258934863586025,0.0,0.008916323731138546,0.06045241809672387,0.14357080827961965,0.16872839713387672,0.002422558117029919,0.17575757575757575,0.16666666666666666,0.2,0.15489130434782608,0.0,0.017731411115743
2014 StarCraft II World Championship Series,after,0.00981576562971912,0.0,0.002268650416798565,0.059672386895475826,0.1650986573025637,0.09738945080719484,0.0005021558196844571,0.05757575757575757,0.16666666666666666,0.2,0.13257575757575754,0.0,0.01686171408131356
2013 StarCraft II World Championship Series,after,0.00981576562971912,0.0,0.002268650416798565,0.059672386895475826,0.1650986573025637,0.09738945080719484,0.0005021558196844571,0.05757575757575757,0.16666666666666666,0.2,0.13257575757575754,0.0,0.01686171408131356
2015 StarCraft II World Championship Series,after,0.00981576562971912,0.0,0.002268650416798565,0.059672386895475826,0.1650986573025637,0.09738945080719484,0.0005021558196844571,0.05757575757575757,0.16666666666666666,0.2,0.13257575757575754,0.0,0.01686171408131356
2017 StarCraft II World Championship Series,after,0.009916440148998288,0.0,0.002268650416798565,0.06045241809672387,0.16435094165312664,0.09738945080719484,0.0005022275535358144,0.05757575757575757,0.16666666666666666,0.2,0.13257575757575754,0.0,0.01677472073268341
StarCraft II StarLeague,after,0.014799154334038053,0.0,0.008335971298934262,0.05343213728549142,0.12506797053983984,0.17544455791253874,0.0022136648211791878,0.1712121212121212,0.16666666666666666,0.2,0.13736263736263735,0.0,0.01676288093605393
2016 StarCraft II World Championship Series,after,0.010017114668277458,0.0,0.002268650416798565,0.061232449297971926,0.16360994704323512,0.09738945080719484,0.0005022977725572031,0.05757575757575757,0.16666666666666666,0.2,0.13257575757575754,0.0,0.016688542809058026
StarCraft II Proleague,after,0.015654887747911003,0.0,0.008177693362878548,0.061232449297971926,0.1253057307310807,0.17390848667784026,0.0021300187329019453,0.1712121212121212,0.16666666666666666,0.2,0.13850415512465375,0.0,0.016541585976771515
Slow movement (music),after,0.0015187950892292116,0.5,0.0007190952474341372,0.007280291211648466,0.02052409848947874,0.001689401420539871,0.0008291492137822325,0.0036496350364963507,0.16666666666666666,0.25,0.008344923504867872,0.0,0.5776971319545617
Sonata cycle,after,0.009239336792811036,1.0,0.00451068837026868,0.0405616224648986,0.09680205300301042,0.005244754778862153,0.002313180212421753,0.1186131386861314,0.16666666666666666,0.25,0.09663865546218488,0.0,1.0
Musical development,before,0.018415390456904192,0.5,0.014512649539125318,0.03640145605824233,0.19529722609227124,0.021138304170338105,0.020008675697196467,0.08394160583941608,0.16666666666666666,0.25,0.20930232558139536,1.0,0.8736100009762614
Tonality,before,0.04081761802303507,0.5,0.032163169248872324,0.08008320332813314,0.0620945098273493,0.026654387204501098,0.04290492819818234,0.10766423357664234,0.16666666666666666,0.25,0.053275109170305666,1.0,0.5876825244669946
Period (music),before,0.008859638020503734,0.5,0.0049029221415963905,0.0343213728549142,0.0648356767467342,0.005489636278630929,0.015954261949449797,0.08394160583941608,0.16666666666666666,0.25,0.06910569105691057,0.0,0.5150584791330645
Musical form,before,0.05537273762814834,0.5,0.03000588350656991,0.2168486739469579,0.06821052985121907,0.034494342630753086,0.057158650943572774,0.20620437956204385,0.16666666666666666,0.25,0.07516040329972502,1.0,0.5020521213890674
Developing variation,before,0.00930261992152892,0.5,0.005622017389030528,0.03224128965158607,0.06545418571473201,0.005546197284358102,0.011473149645443484,0.08211678832116788,0.16666666666666666,0.25,0.06951871657754011,0.0,0.5102264416855872
Symphony No. 9 (Schubert),after,0.00866978863435008,0.5,0.004576060665489965,0.03536141445657827,0.03289473684210527,0.017270220321383808,0.0033668213218977115,0.04014598540145985,0.16666666666666666,0.25,0.016861219195849545,0.0,0.4995663830765731
Binary form,before,0.011897228198962157,0.5,0.007910047721775509,0.03536141445657827,0.09265071755623484,0.011164103522701255,0.01548770702918065,0.08576642335766423,0.16666666666666666,0.25,0.08865710560625815,0.0,0.4966130540472451
Recapitulation (music),before,0.01727629413998228,0.0,0.014578021834346602,0.026521060842433702,0.1947884191657978,0.016950103319826416,0.017878077291276155,0.08029197080291972,0.16666666666666666,0.25,0.21059431524547806,1.0,0.4890053707134746
Bar form,before,0.010758131882040249,0.5,0.00738706936000523,0.03016120644825793,0.0555329492643437,0.004632292133496503,0.013728490125372993,0.08394160583941608,0.16666666666666666,0.25,0.061617458279845966,0.0,0.4903025714068822
Parallel key,before,0.012150360713833692,0.5,0.00875988755965222,0.03068122724908997,0.07427793941977408,0.009583005786626473,0.014309412683822097,0.06386861313868614,0.16666666666666666,0.25,0.06,0.0,0.4837955256679558
Schenkerian analysis,after,0.011644095684090621,0.5,0.006275740341243381,0.04628185127405097,0.048154946264067335,0.003198231790817694,0.010064864122917195,0.09671532846715328,0.16666666666666666,0.25,0.03713188220230474,0.0,0.4789717208904484
Cyclic form,after,0.01860523984305784,0.5,0.00764855854089037,0.09256370254810194,0.14625122388680456,0.010114030489363584,0.013046953778176431,0.12773722627737227,0.16666666666666666,0.25,0.10652463382157124,0.0,0.4610373683466396
Circle of fifths,before,0.021516263764080498,0.5,0.01228999150160162,0.0795631825273011,0.051056802104459065,0.009658899329759484,0.018775909228576013,0.10583941605839416,0.16666666666666666,0.25,0.039170506912442386,0.0,0.4011840498628413
Closely related key,before,0.004872800911277054,0.0,0.0018957965614172711,0.025481019240769637,0.037550473567667136,0.002708478766919511,0.0043962853094575045,0.032846715328467155,0.16666666666666666,0.5,0.01780821917808219,0.0,0.016473889267758557
Chamber Symphony No. 1 (Schoenberg),after,0.010062017466143526,0.5,0.0033339870562855453,0.056682267290691625,0.02589341093348173,0.002928235452741681,0.0027276248290131954,0.06569343065693431,0.3333333333333333,0.25,0.017287234042553192,0.0,0.3457659981095579
Clarinet Quintet (Mozart),after,0.009555752436400456,0.5,0.0034647316467281163,0.0514820592823713,0.0200529701097238,0.0018298320492851825,0.0028166088667286662,0.025547445255474453,0.3333333333333333,0.25,0.006561679790026247,0.0,0.3437511796469839
Violin Concerto No. 3 (Mozart),after,0.010251866852297177,0.5,0.002876380989736549,0.061882475299011974,0.020995280482705055,0.008568402395302498,0.0019073337948599407,0.034671532846715335,0.3333333333333333,0.25,0.0,0.0,0.3417596199197591
Musical analysis,before,0.01740286039741805,0.0,0.011309407073282342,0.05356214248569943,0.02966908233650572,0.003245711880517504,0.012796903724482629,0.05656934306569344,0.16666666666666666,0.5,0.010250569476082005,1.0,0.3118530728369047
Symphony No. 6 (Mahler),after,0.01803569168459689,0.5,0.006210368046022095,0.09932397295891836,0.015881386397764582,0.0025964867977065573,0.004656174099586996,0.06569343065693431,0.3333333333333333,0.25,0.007471980074719802,0.0,0.3054861805648717
Symphony No. 6 (Tchaikovsky),after,0.023921022655360082,0.5,0.012355363796822906,0.09880395215808634,0.033194859241383594,0.007011504993422687,0.006614677232228035,0.16423357664233576,0.3333333333333333,0.25,0.021493212669683258,0.0,0.29338570475784803
Coda (music),before,0.05429692443994432,0.0,0.045303000588350656,0.08632345293811754,0.13611169694714914,0.024025402655680646,0.04109267690297557,0.09489051094890512,0.16666666666666666,0.25,0.14483319772172498,1.0,0.2786774415110629
Symphony No. 9 (Bruckner),after,0.028793823566637136,0.5,0.01228999150160162,0.13936557462298493,0.028926306961544856,0.004608094626864736,0.004273474060575896,0.2755474452554745,0.3333333333333333,0.25,0.012345679012345678,0.0,0.2807772338068214
Cello Concerto (Waterhouse),after,0.004746234653841286,0.5,0.001830424266195986,0.0249609984399376,0.008081359580662731,7.968002279187863e-06,0.0009024802926555584,0.04744525547445256,0.5,0.25,0.0013495276653171392,0.0,0.2815467270299242
Figured bass,before,0.053853942538919126,0.5,0.03700071909524743,0.14872594903796155,0.05693215970987799,0.02338222821988476,0.07385726451790242,0.3010948905109489,0.16666666666666666,0.25,0.05090311986863711,0.0,0.2708557141797515
Sonata,after,0.060688520440450575,0.0,0.04661044649277635,0.12844513780551226,0.13827213103322708,0.03394800342695862,0.03420953131480126,0.21532846715328469,0.16666666666666666,0.25,0.10791925465838507,1.0,0.26689853224951066
Requiem (Mozart),after,0.06100493608404,0.5,0.02948290514479963,0.2672906916276651,0.023923862743386013,0.02854769194142435,0.019228973288481613,0.20620437956204385,0.3333333333333333,0.25,0.006914433880726016,0.0,0.20148225823156907
Movement (music),before,0.0977091507404126,0.0,0.09786232594626396,0.0249609984399376,0.12358382966549032,0.024534650391313743,0.06079362393418857,0.07846715328467155,0.16666666666666666,0.25,0.11836115326251895,1.0,0.18659585820671085
Key (music),before,0.09878496392861663,0.5,0.092828659214225,0.07384295371814874,0.05476354361202815,0.026929934074033275,0.06509422757680512,0.14963503649635038,0.16666666666666666,0.25,0.04097560975609756,0.0,0.17642376924791794
Concerto,after,0.11289710163270475,0.0,0.08550696214944106,0.2480499219968799,0.0556368686182122,0.04077842021847335,0.056268070767709864,0.2098540145985401,0.16666666666666666,0.25,0.043882292204439864,1.0,0.16229662722699265
String quartet,after,0.1340336666244779,0.0,0.10328822644963064,0.280291211648466,0.05737016347010656,0.048995059789932516,0.0933929111075352,0.6496350364963503,0.16666666666666666,0.25,0.04225352112676056,1.0,0.1539236782658689
Symphony,after,0.13745095557524364,0.0,0.13022161208080016,0.09412376495059804,0.08328016173122259,0.11134721764878837,0.09444363670813467,0.12408759124087593,0.16666666666666666,0.25,0.07168316831683168,1.0,0.14391257088018433
History of sonata form,before,0.014048854575370206,0.0,0.004576060665489965,0.0795631825273011,0.1445481441741909,0.005567683602103963,0.002638673369020345,0.12043795620437955,0.16666666666666666,0.25,0.09803921568627452,0.0,0.0728236087358994
Subject (music),before,0.02594608277433236,0.0,0.020461528404262276,0.05096203848153927,0.17037412212670314,0.025782039998617518,0.02914658683890064,0.11313868613138688,0.16666666666666666,0.25,0.1737142857142857,0.0,0.07014803980294285
Piano sonata,after,0.029679787368687514,0.0,0.017389030528861867,0.1060842433697348,0.13969445334520905,0.03036646346449348,0.009677301632125908,0.1916058394160584,0.16666666666666666,0.25,0.11617312072892938,0.0,0.06148827120936114
Sonata theory,after,0.010251866852297177,0.0,0.005229783617702817,0.04316172646905877,0.09346979563240987,0.004986598086447068,0.003232037011506766,0.13686131386861314,0.16666666666666666,0.25,0.09820193637621023,0.0,0.056517292732262164
Cadence,before,0.02284520946715605,0.0,0.007910047721775509,0.12532501300052004,0.12021463213290685,0.018286574403276967,0.013349211259382534,0.07664233576642336,0.16666666666666666,0.25,0.10889774236387782,0.0,0.05183541839300915
Stargate Origins,after,0.013961218836565096,1.0,0.008540195855158278,0.015488721804511276,0.3303769401330377,0.6863579391353025,0.0020927760558423388,0.11347517730496455,0.14285714285714285,0.16666666666666666,0.40988372093023256,1.0,1.0
Stargate,before,0.030360110803324094,0.25,0.019073104076520155,0.032180451127819545,1.0,0.7551400741133503,0.00711770094720326,0.1252955082742317,0.0,0.0,1.0,0.0,0.8541629249510962
Stargate Infinity,after,0.018393351800554014,0.5,0.010248235026189934,0.02300751879699248,0.31712062256809337,0.8131190709928309,0.003619237901698632,0.11702127659574467,0.14285714285714285,0.16666666666666666,0.3806970509383378,1.0,0.5945388362333028
Stargate (film),before,0.03440443213296398,0.5,0.019130038715554545,0.04300751879699248,0.26504297994269344,0.7695930872085041,0.014313411621481668,0.21513002364066194,0.14285714285714285,0.16666666666666666,0.2928709055876686,1.0,0.4806579895556085
List of Stargate comics,after,0.013850415512465374,0.25,0.008027784103848782,0.016541353383458645,0.3051948051948052,0.6569178020903869,0.0011620082671744386,0.10756501182033096,0.14285714285714285,0.16666666666666666,0.40828402366863903,1.0,0.4451728306808085
List of Stargate literature,after,0.01418282548476454,0.25,0.007856980186745617,0.017894736842105262,0.3103448275862069,0.6565290755719185,0.0010729655270956852,0.10874704491725767,0.14285714285714285,0.16666666666666666,0.4077380952380952,1.0,0.4439408942415246
Stargate (device),before,0.020332409972299167,0.25,0.010362104304258709,0.027969924812030075,0.2987012987012987,0.6482150852530545,0.0023038138595193602,0.13120567375886524,0.14285714285714285,0.16666666666666666,0.4010840108401084,1.0,0.4053194663695861
Stargate Atlantis,after,0.056288088642659266,0.5,0.03649510362104304,0.056541353383458635,0.21862348178137653,0.9843376044624678,0.0222036800721602,0.3026004728132388,0.14285714285714285,0.16666666666666666,0.21544209215442087,1.0,0.3846951521718219
Brad Wright,after,0.00925207756232687,0.25,0.0069460259621954,0.0069172932330827065,0.16764132553606234,0.4787507044499184,0.0020277196491122287,0.014184397163120569,0.14285714285714285,0.3333333333333333,0.21866666666666668,1.0,0.30977753078033843
Stargate: Resistance,after,0.013850415512465374,0.25,0.008141653381917559,0.0162406015037594,0.3017241379310345,0.6760101942482315,0.0011471826487026034,0.10638297872340426,0.14285714285714285,0.16666666666666666,0.4058823529411765,0.0,0.2613343375087712
List of Stargate audiobooks,after,0.01445983379501385,0.25,0.007856980186745617,0.018646616541353384,0.3147751605995717,0.6565274481135105,0.0010751143518533102,0.10756501182033096,0.14285714285714285,0.16666666666666666,0.4077380952380952,0.0,0.2609082163271529
List of Stargate games,after,0.01556786703601108,0.25,0.007970849464814394,0.021353383458646614,0.3368421052631579,0.6661422660949554,0.001174680470200566,0.10638297872340426,0.14285714285714285,0.16666666666666666,0.40117994100294985,0.0,0.2607716990593468
Stargate Worlds,after,0.014903047091412745,0.25,0.0084263265770895,0.01834586466165413,0.2964509394572025,0.8077241719876267,0.001881441732387562,0.10874704491725767,0.14285714285714285,0.16666666666666666,0.4,0.0,0.2596229973779661
Stargate: The Ark of Truth,after,0.01684210526315789,0.25,0.009735823274880435,0.020150375939849623,0.3236514522821577,0.8253776424245369,0.0022699634694562576,0.13002364066193856,0.14285714285714285,0.16666666666666666,0.3863013698630137,0.0,0.2586147045874318
Stargate literature,after,0.016288088642659283,0.25,0.008255522659986336,0.022556390977443608,0.3333333333333333,0.6572578666757759,0.0016352039146975564,0.1111111111111111,0.14285714285714285,0.16666666666666666,0.40762463343108507,0.0,0.2574437738147419
Stargate (1995 video game),after,0.014958448753462602,0.25,0.008312457299020724,0.01879699248120301,0.2931392931392932,0.6620458602202465,0.0012824957398474342,0.10874704491725767,0.14285714285714285,0.16666666666666666,0.3982558139534884,0.0,0.2552643092851813
Children of the Gods,after,0.009529085872576178,0.0,0.0017080391710316554,0.02150375939849624,0.24842105263157896,0.13986158061266388,0.00034996308934280085,0.02718676122931442,0.14285714285714285,0.16666666666666666,0.0641399416909621,1.0,0.2504690809637515
Mythology of Stargate,after,0.0192797783933518,0.25,0.008540195855158278,0.029924812030075187,0.2998102466793169,0.7364269393967814,0.0015187604906024242,0.12647754137115838,0.14285714285714285,0.16666666666666666,0.4139941690962099,0.0,0.2435568496792435
Bill McCay,after,0.0014958448753462606,0.25,0.0010248235026189935,0.0015037593984962405,0.010752688172043013,0.047286566018933635,0.0006452641820590664,0.0011820330969267141,0.14285714285714285,0.16666666666666666,0.011461318051575931,0.0,0.2296974043447705
Stargate fandom,after,0.02271468144044321,0.25,0.012582555226599864,0.028571428571428567,0.2874354561101549,0.6754053610721099,0.006611904019294283,0.1252955082742317,0.14285714285714285,0.16666666666666666,0.34624697336561744,0.0,0.2290436537827069
Stargate SG-1,before,0.10105263157894737,0.25,0.07008654065133227,0.0893233082706767,0.14444444444444446,1.0,0.059265460814929574,0.4893617021276596,0.14285714285714285,0.16666666666666666,0.13478260869565215,1.0,0.19181332262689912
Media franchise,after,0.05722991689750692,0.25,0.052209063994534274,0.017593984962406013,0.00979706088173548,0.0479776287607189,0.051507586424325166,0.040189125295508284,0.14285714285714285,0.3333333333333333,0.006430868167202572,1.0,0.18171998834182845
Stargate Universe,after,0.04393351800554016,0.0,0.027385561375540882,0.047067669172932335,0.21807228915662646,0.9335867254291644,0.017293276486607608,0.2671394799054373,0.14285714285714285,0.16666666666666666,0.24770642201834864,1.0,0.17936296053525055
Stargate (soundtrack),after,0.005318559556786704,0.25,5.693463903438852e-05,0.01443609022556391,0.20044543429844094,0.012517312170196396,5.915813289054481e-05,0.0011820330969267141,0.2857142857142857,0.16666666666666666,0.0029850746268656717,0.0,0.17439211622471373
Jonathan Glassner,after,0.005041551246537396,0.0,0.00421316328854475,0.002706766917293233,0.0533596837944664,0.18021820024693974,0.001780975339113032,0.0023640661938534283,0.14285714285714285,0.3333333333333333,0.06788511749347259,1.0,0.15691179412612005
Roland Emmerich,after,0.0318005540166205,0.0,0.02078114324755181,0.03157894736842105,0.03691275167785235,0.11240289821924214,0.02008975381937675,0.10756501182033096,0.14285714285714285,0.16666666666666666,0.035502958579881665,1.0,0.15649181795069614
Stargate SG-1 (roleplaying game),after,0.002049861495844875,0.25,0.0006832156684126622,0.003909774436090225,0.02586206896551724,0.041582704239093535,0.0010883905900618016,0.0059101654846335705,0.14285714285714285,0.3333333333333333,0.008720930232558141,0.0,0.15592364328631356
A Dog's Breakfast,after,0.004875346260387812,0.25,0.0008540195855158277,0.01112781954887218,0.03571428571428571,0.009647108179784595,0.0003668440751140545,0.011820330969267141,0.2857142857142857,0.16666666666666666,0.0,0.0,0.1516911343006298
Gatecon,after,0.006869806094182826,0.25,0.0006832156684126622,0.016992481203007517,0.04477611940298507,0.011460002125587523,0.00031434016793245654,0.009456264775413713,0.2857142857142857,0.16666666666666666,0.0057971014492753615,0.0,0.1493746389601934
Dean Devlin,after,0.011800554016620498,0.0,0.007856980186745617,0.011428571428571429,0.038461538461538464,0.10499258844259028,0.006720706967283025,0.0425531914893617,0.14285714285714285,0.3333333333333333,0.04646017699115045,1.0,0.14336330189638538
Pyramids of Mars,after,0.014515235457063713,0.25,0.005693463903438853,0.02451127819548872,0.013740458015267177,0.0070421848302108375,0.007660254833961431,0.04964539007092199,0.2857142857142857,0.16666666666666666,0.006944444444444444,0.0,0.1344921767195741
Brian Griffin's House of Payne,after,0.008254847645429364,0.25,0.0019357777271692101,0.01744360902255639,0.008928571428571428,7.675694950930589e-05,0.00048482687300407023,0.03309692671394799,0.42857142857142855,0.16666666666666666,0.0,0.0,0.1096525937589864
Wormholes in fiction,after,0.04736842105263157,0.25,0.01776360737872922,0.08180451127819549,0.02651515151515152,0.03555876147215579,0.01975873591168915,0.2541371158392435,0.2857142857142857,0.16666666666666666,0.02535657686212361,0.0,0.10667744592726866
Ali G,after,0.020221606648199445,0.25,0.0068321566841266215,0.03699248120300752,0.00129366106080207,0.0010962379816823633,0.00453580385459266,0.041371158392434985,0.42857142857142855,0.16666666666666666,0.0,0.0,0.09865358616725
Teleportation,after,0.06354570637119114,0.0,0.045433841949442035,0.05263157894736842,0.009596928982725529,0.02109631460569204,0.02543399364432821,0.015366430260047284,0.14285714285714285,0.3333333333333333,0.008904719501335706,1.0,0.08707137378124229
Stargate SG-1 (season 9),after,0.015457063711911356,0.0,0.008084718742883171,0.02075187969924812,0.32558139534883723,0.9085615206315606,0.0013418414920305472,0.11347517730496455,0.14285714285714285,0.16666666666666666,0.4070796460176992,0.0,0.08613855301217509
Stargate SG-1 (season 10),after,0.01551246537396122,0.0,0.0084263265770895,0.02,0.3312101910828025,0.8365415896456494,0.0015237291805616096,0.11465721040189125,0.14285714285714285,0.16666666666666666,0.4,0.0,0.0854003376269503
Stargate Atlantis (season 2),after,0.0156786703601108,0.0,0.008084718742883171,0.021353383458646614,0.33403805496828753,0.8132344762049744,0.0012378944863401856,0.11347517730496455,0.14285714285714285,0.16666666666666666,0.4070796460176992,0.0,0.08507396661637713
Stargate SG-1 (season 5),after,0.015844875346260386,0.0,0.0084263265770895,0.020902255639097745,0.3319238900634249,0.8051146227247263,0.0013518676714102257,0.1182033096926714,0.14285714285714285,0.16666666666666666,0.4,0.0,0.0845368490023562
Stargate Atlantis (season 3),after,0.014515235457063713,0.0,0.008027784103848782,0.01834586466165413,0.326133909287257,0.7897350639108109,0.0012093233021453086,0.10874704491725767,0.14285714285714285,0.16666666666666666,0.4041297935103245,0.0,0.08429583089701767
List of Stargate Atlantis episodes,after,0.01645429362880886,0.0,0.008084718742883171,0.023458646616541352,0.3459915611814346,0.7120267143184809,0.001105295049617132,0.12174940898345152,0.14285714285714285,0.16666666666666666,0.40294117647058825,0.0,0.08423614832674695
Stargate SG-1 (season 2),after,0.015457063711911356,0.0,0.008597130494192667,0.0193984962406015,0.32142857142857145,0.8639158126298656,0.0015534378895889131,0.1111111111111111,0.14285714285714285,0.16666666666666666,0.3965517241379311,0.0,0.08419570328624318
Stargate Atlantis (season 4),after,0.015290858725761771,0.0,0.008369391938055113,0.019548872180451128,0.3304904051172708,0.7685414463943271,0.0013054541926001625,0.11347517730496455,0.14285714285714285,0.16666666666666666,0.4052478134110787,0.0,0.0838428011502372
George Hammond (Stargate),after,0.016343490304709142,0.0,0.008255522659986336,0.02270676691729323,0.30879345603271985,0.9710354782559002,0.001451382048585935,0.1170212765957447,0.14285714285714285,0.16666666666666666,0.4035087719298245,0.0,0.08372566847936654
Elizabeth Weir (Stargate),after,0.015069252077562325,0.0,0.008540195855158278,0.01849624060150376,0.3261802575107296,0.7730145621378873,0.0013437431340042256,0.11583924349881798,0.14285714285714285,0.16666666666666666,0.3976945244956772,0.0,0.08357233102726758
Everett Young,after,0.01368421052631579,0.0,0.007856980186745617,0.016541353383458645,0.3085339168490153,0.8437330957692699,0.0012126729554733065,0.1099290780141844,0.14285714285714285,0.16666666666666666,0.4035608308605341,0.0,0.08351850501061117
Tamara Johansen,after,0.013739612188365651,0.0,0.007913914825780004,0.016541353383458645,0.31004366812227074,0.8343265306341207,0.0012304587898772533,0.10874704491725767,0.14285714285714285,0.16666666666666666,0.40236686390532544,0.0,0.08343090364510375
Radek Zelenka,after,0.015013850415512462,0.0,0.008255522659986336,0.019097744360902256,0.3191489361702128,0.8179899939439295,0.001292452006151983,0.11229314420803782,0.14285714285714285,0.16666666666666666,0.3994169096209913,0.0,0.08328192791805714
Vala Mal Doran,after,0.01368421052631579,0.0,0.0077431109086768405,0.016842105263157894,0.34234234234234234,0.5738722239168369,0.0009164387135903892,0.11229314420803782,0.14285714285714285,0.16666666666666666,0.3976261127596439,0.0,0.08317346219529527
Aiden Ford,after,0.014238227146814404,0.0,0.008027784103848782,0.017593984962406013,0.31670281995661603,0.7844693868250362,0.001215731323203337,0.11111111111111112,0.14285714285714285,0.16666666666666666,0.4,0.0,0.08291921996937658
Stargate Atlantis (season 1),after,0.016343490304709142,0.0,0.008198588020951948,0.022857142857142857,0.32712215320910976,0.801862779738196,0.0012763211833261322,0.11583924349881798,0.14285714285714285,0.16666666666666666,0.4129793510324484,0.0,0.08287570020161221
Stargate Atlantis (season 5),after,0.015844875346260386,0.0,0.008597130494192667,0.020451127819548876,0.3305263157894737,0.7509158476952815,0.0013445209635631044,0.11583924349881798,0.14285714285714285,0.16666666666666666,0.4046242774566474,0.0,0.08286565987965007
Jonas Quinn,after,0.014238227146814404,0.0,0.007970849464814394,0.01774436090225564,0.3282275711159737,0.6934492635959242,0.0011259129123398785,0.11111111111111112,0.14285714285714285,0.16666666666666666,0.40117994100294985,0.0,0.08278436632669922
Stargate SG-1 (season 4),after,0.015346260387811634,0.0,0.00848326121612389,0.0193984962406015,0.3199152542372881,0.7987083059330709,0.0013453440673674927,0.11583924349881795,0.14285714285714285,0.16666666666666666,0.4028985507246377,0.0,0.08272684172442897
Evan Lorne,after,0.01473684210526316,0.0,0.007913914825780004,0.019248120300751882,0.31556503198294245,0.7979527455364192,0.0011687922121479722,0.1099290780141844,0.14285714285714285,0.16666666666666666,0.40236686390532544,0.0,0.08236412037052171
List of Stargate SG-1 episodes,after,0.017673130193905814,0.0,0.0084263265770895,0.025864661654135337,0.3402489626556017,0.7014012400562077,0.0011993854324050944,0.13829787234042554,0.14285714285714285,0.16666666666666666,0.3959537572254335,0.0,0.08234787897354086
List of multimedia franchises,after,0.07168975069252077,0.25,0.0017080391710316554,0.19022556390977444,0.008823529411764706,0.0017588095377017825,0.00775114992956457,0.02718676122931442,0.2857142857142857,0.16666666666666666,0.0,0.0,0.08230886271584323
Matthew Scott (Stargate),after,0.015124653739612188,0.0,0.007913914825780004,0.020300751879699246,0.310126582278481,0.8404991969172336,0.001223426909427262,0.11347517730496455,0.14285714285714285,0.16666666666666666,0.4065281899109792,0.0,0.08212669500511348
Stargate SG-1 (season 6),after,0.01556786703601108,0.0,0.008141653381917559,0.020902255639097745,0.3186582809224319,0.7970737969661656,0.001265299031034059,0.11347517730496455,0.14285714285714285,0.16666666666666666,0.4017595307917888,0.0,0.08207085476020012
Richard Woolsey,after,0.014016620498614959,0.0,0.008027784103848782,0.016992481203007517,0.3073593073593073,0.8034905193170384,0.0012485988640223206,0.1099290780141844,0.14285714285714285,0.16666666666666666,0.4041297935103245,0.0,0.08189230430017394
Samantha Carter,after,0.018060941828254847,0.0,0.009337280801639718,0.02451127819548872,0.30392156862745096,0.9974410886793826,0.0017721215017259184,0.12411347517730495,0.14285714285714285,0.16666666666666666,0.3861111111111111,0.0,0.08180842162403898
Stargate SG-1 (season 7),after,0.01678670360110803,0.0,0.00848326121612389,0.023308270676691733,0.3117408906882591,0.8845199181187796,0.0014992504275861812,0.11702127659574467,0.14285714285714285,0.16666666666666666,0.39481268011527376,0.0,0.08165831682385319
Ronald Greer (Stargate),after,0.014016620498614959,0.0,0.007970849464814394,0.017142857142857144,0.3101952277657267,0.7700562244559165,0.0012121901083221587,0.1099290780141844,0.14285714285714285,0.16666666666666666,0.40117994100294985,0.0,0.08158664053879301
Carson Beckett,after,0.016011080332409968,0.0,0.008312457299020724,0.021654135338345863,0.3134020618556701,0.8320588822124769,0.0013140765851618634,0.11347517730496455,0.14285714285714285,0.16666666666666666,0.3982558139534884,0.0,0.08144224557796459
Teyla Emmagan,after,0.013573407202216066,0.0,0.008027784103848782,0.015789473684210527,0.3112582781456953,0.7158976197428883,0.0010969867638284515,0.11229314420803782,0.14285714285714285,0.16666666666666666,0.4041297935103245,0.0,0.08111042112059888
Daniel Jackson (Stargate),after,0.018393351800554014,0.0,0.009565019357777272,0.02481203007518797,0.32934131736526945,0.7781569830226219,0.00182914925708954,0.13002364066193856,0.14285714285714285,0.16666666666666666,0.3895027624309392,0.0,0.08100745484031335
John Sheppard (Stargate),after,0.016288088642659283,0.0,0.008255522659986336,0.022556390977443608,0.2917505030181087,0.9849822555002608,0.0014467827493439866,0.11347517730496455,0.14285714285714285,0.16666666666666666,0.3994169096209913,0.0,0.08092788469169063
Nicholas Rush,after,0.015069252077562325,0.0,0.008312457299020724,0.019097744360902256,0.3128964059196617,0.7678720663287775,0.0012544741797648376,0.11229314420803782,0.14285714285714285,0.16666666666666666,0.3982558139534884,0.0,0.08086882846871253
Teal'c,after,0.015346260387811634,0.0,0.00888180368936461,0.01834586466165413,0.310126582278481,0.7748660625367496,0.0013634358518880227,0.1182033096926714,0.14285714285714285,0.16666666666666666,0.3909348441926346,0.0,0.08051430599640702
Jack O'Neill,after,0.018781163434903044,0.0,0.009280346162605329,0.02661654135338346,0.3153846153846154,0.9070333921314584,0.0018750020133292676,0.11702127659574467,0.14285714285714285,0.16666666666666666,0.3910614525139665,0.0,0.08051091709444226
Eli Wallace,after,0.01407202216066482,0.0,0.008198588020951948,0.016691729323308268,0.30885529157667385,0.7398402712488066,0.001267062197419383,0.10874704491725767,0.14285714285714285,0.16666666666666666,0.3965014577259475,0.0,0.08046682413029538
Stargate (pinball),after,0.012908587257617728,0.0,0.007970849464814394,0.014135338345864659,0.31096196868008946,0.646649976599325,0.0010902074310486618,0.10756501182033096,0.14285714285714285,0.16666666666666666,0.4094955489614243,0.0,0.07989188953612332
Cameron Mitchell (Stargate),after,0.017617728531855954,0.0,0.0084263265770895,0.025714285714285717,0.30392156862745096,0.9016971621510644,0.001473529390294162,0.11465721040189122,0.14285714285714285,0.16666666666666666,0.3919308357348703,0.0,0.07961400659816413
Stargate SG-1 (season 1),after,0.017728531855955677,0.0,0.00848326121612389,0.025864661654135337,0.3201581027667984,0.7817553980392146,0.00134683209715769,0.11347517730496452,0.14285714285714285,0.16666666666666666,0.3988439306358382,0.0,0.07944254649719358
Rodney McKay,after,0.01606648199445983,0.0,0.008597130494192667,0.021052631578947368,0.29878048780487804,0.8555948443595878,0.0015315881926076386,0.11229314420803782,0.14285714285714285,0.16666666666666666,0.3965517241379311,0.0,0.07928277518341696
Stargate Universe (season 2),after,0.014681440443213296,0.0,0.008084718742883171,0.018646616541353384,0.3057324840764331,0.7270057811017516,0.0011473092913708983,0.11111111111111112,0.14285714285714285,0.16666666666666666,0.4070796460176992,0.0,0.07897752976774274
Stargate SG-1 (season 3),after,0.016509695290858724,0.0,0.009508084718742885,0.01984962406015037,0.30425963488843816,0.8040545661815988,0.001966709373436815,0.11702127659574467,0.14285714285714285,0.16666666666666666,0.3791208791208791,0.0,0.07875534904645556
Stargate SG-1 (season 8),after,0.01911357340720221,0.0,0.0084263265770895,0.02977443609022556,0.3034351145038168,0.9004092706152718,0.0014598838630966306,0.1252955082742317,0.14285714285714285,0.16666666666666666,0.3959537572254335,0.0,0.07835336352394738
Stargate: Continuum,after,0.018227146814404432,0.0,0.010134365748121156,0.022857142857142857,0.3194444444444444,0.7333447365389524,0.0021805016024694928,0.12765957446808512,0.14285714285714285,0.16666666666666666,0.3864864864864865,0.0,0.07833925527227566
Goa'uld,after,0.01817174515235457,0.0,0.009906627191983606,0.023308270676691733,0.3300395256916996,0.6543921250212382,0.002458365992989435,0.11702127659574467,0.14285714285714285,0.16666666666666666,0.3983516483516483,0.0,0.07786985062887182
Jennifer Keller,after,0.014792243767313019,0.0,0.008084718742883171,0.018947368421052633,0.29957805907173,0.7267265407061418,0.001131062355472188,0.11229314420803782,0.14285714285714285,0.16666666666666666,0.3988269794721408,0.0,0.07778742094702046
Kull Warrior,after,0.01368421052631579,0.0,0.007856980186745617,0.016541353383458645,0.3034934497816594,0.63677570047173,0.0010206573581721526,0.11111111111111112,0.14285714285714285,0.16666666666666666,0.4035608308605341,0.0,0.07752035686741524
Genii (Stargate),after,0.014238227146814404,0.0,0.008027784103848782,0.017593984962406013,0.297008547008547,0.7047320554661106,0.0011719474884172097,0.11111111111111112,0.14285714285714285,0.16666666666666666,0.4041297935103245,0.0,0.07736327343146765
Ronon Dex,after,0.012465373961218836,0.0,0.0077431109086768405,0.013533834586466164,0.3040540540540541,0.5735456160048622,0.0009451277376793492,0.10638297872340426,0.14285714285714285,0.16666666666666666,0.3976261127596439,0.0,0.07723177341297974
Stargate Universe (season 1),after,0.0156786703601108,0.0,0.008084718742883171,0.021353383458646614,0.3016528925619835,0.7149270396441225,0.0011737565465460818,0.11465721040189125,0.14285714285714285,0.16666666666666666,0.3988269794721408,0.0,0.0769815900734808
Atlantis (Stargate),after,0.014681440443213296,0.0,0.0084263265770895,0.01774436090225564,0.3090128755364807,0.6029376086775983,0.0012066658343572044,0.11702127659574467,0.14285714285714285,0.16666666666666666,0.412280701754386,0.0,0.07684918291525121
List of Stargate Universe episodes,after,0.016288088642659283,0.0,0.008597130494192667,0.021654135338345863,0.3121149897330596,0.6520527838080967,0.0012260400984540154,0.11702127659574467,0.14285714285714285,0.16666666666666666,0.4005763688760807,0.0,0.07677102961758582
Wraith (Stargate),after,0.015844875346260386,0.0,0.008938738328398999,0.019548872180451128,0.302713987473904,0.6545363373224148,0.0015750702340875569,0.1252955082742317,0.14285714285714285,0.16666666666666666,0.4017094017094017,0.0,0.07607844701564358
List of Stargate Universe characters,after,0.01745152354570637,0.0,0.008597130494192667,0.02481203007518797,0.3035714285714285,0.7313414207115992,0.0013337672201227276,0.12056737588652484,0.14285714285714285,0.16666666666666666,0.4005763688760807,0.0,0.07604077333307951
List of Earth starships in Stargate,after,0.016288088642659283,0.0,0.008255522659986336,0.022556390977443608,0.3097713097713098,0.5876271859961083,0.0010620531339646103,0.12765957446808512,0.14285714285714285,0.16666666666666666,0.4117647058823529,0.0,0.07535810208819221
Pagan's Mind,after,0.006149584487534626,0.25,0.003985424732407197,0.00631578947368421,0.0037243947858473,1.76175693407402e-08,0.003699371407908879,0.018912529550827426,0.7142857142857142,0.16666666666666666,0.0024752475247524753,0.0,0.07522384418641426
Asuran,after,0.01407202216066482,0.0,0.008312457299020724,0.016390977443609022,0.29336188436830835,0.6366644000523458,0.0012702434976765706,0.11111111111111112,0.14285714285714285,0.16666666666666666,0.3942028985507247,0.0,0.07521214867390599
Goa'uld technology in Stargate,after,0.014238227146814404,0.0,0.007913914825780004,0.017894736842105262,0.2965367965367965,0.5929809718624727,0.0009751987818077527,0.12056737588652484,0.14285714285714285,0.16666666666666666,0.40236686390532544,0.0,0.07502284310272805
Ori (Stargate),after,0.016620498614958446,0.0,0.008824869050330222,0.021954887218045116,0.30364372469635625,0.6527720232858439,0.00155752420121019,0.1182033096926714,0.14285714285714285,0.16666666666666666,0.41210374639769454,0.0,0.07498644686726885
Ancient (Stargate),after,0.016952908587257617,0.0,0.009451150079708495,0.02120300751879699,0.3064516129032258,0.6419441359676541,0.0017173753851451663,0.12056737588652484,0.14285714285714285,0.16666666666666666,0.4192634560906516,0.0,0.07498296331165466
Tok'ra,after,0.015346260387811634,0.0,0.008369391938055113,0.01969924812030075,0.2958333333333333,0.6468936503205527,0.0013994515769549251,0.11702127659574467,0.14285714285714285,0.16666666666666666,0.4011627906976744,0.0,0.07479203081584998
List of Stargate Atlantis characters,after,0.019944598337950138,0.0,0.0084263265770895,0.032030075187969916,0.29850746268656714,0.7910447775494569,0.0013150667584444847,0.1276595744680851,0.14285714285714285,0.16666666666666666,0.3959537572254335,0.0,0.07426031351568224
List of starships in Stargate,after,0.016620498614958446,0.0,0.008312457299020724,0.023308270676691733,0.29896907216494845,0.587525057328191,0.0010531044645337383,0.1347517730496454,0.14285714285714285,0.16666666666666666,0.4064327485380117,0.0,0.07344676227477591
Decision analysis,before,0.008161006985268691,1.0,0.004861111111111111,0.016219794769943726,0.06535947712418301,0.041982123746431683,0.003410444746092789,0.02578268876611418,0.125,0.2,0.0391304347826087,1.0,0.40408426824489546
Decision tree learning,before,0.022615671899854764,1.0,0.011944444444444443,0.05163853028798411,0.06744186046511629,0.43965639444608623,0.008554687576307642,0.16574585635359115,0.125,0.2,0.05246913580246913,1.0,0.3259533731144051
Influence diagram,before,0.0036655370357562772,1.0,0.0013888888888888892,0.01125455147302218,0.06349206349206349,0.06979682774374364,0.001549221379083524,0.01289134438305709,0.125,0.2,0.038461538461538464,0.0,0.2351220219621893
Information gain in decision trees,before,0.0036655370357562772,1.0,0.0007638888888888888,0.01423369745117511,0.04280155642023346,0.0664071209781308,0.0005739822969739543,0.01289134438305709,0.125,0.2,0.028571428571428567,0.0,0.2304252450843888
Decision tree model,before,0.0026281208935611047,1.0,0.0009722222222222223,0.00827540549486925,0.02,0.029423733508913277,0.0010917289558430307,0.009208103130755063,0.125,0.2,0.0223463687150838,0.0,0.2291506779742715
Decision table,before,0.003596375959609932,1.0,0.0021527777777777773,0.007282356835484939,0.034883720930232565,0.0182963099110569,0.0017646781694144371,0.01289134438305709,0.125,0.2,0.020408163265306117,0.0,0.2262327582563579
ID3 algorithm,after,0.005463725015561242,1.0,0.0013888888888888892,0.0198609731876862,0.06115107913669065,0.06807921887155166,0.0009772997930241204,0.011049723756906077,0.125,0.2,0.044198895027624314,0.0,0.22396321336864766
Random forest,after,0.020125873158586348,1.0,0.011111111111111113,0.04369414101290963,0.055961070559610714,0.4983746870138178,0.008320165316459816,0.14548802946593006,0.125,0.2,0.051118210862619806,0.0,0.18869740891267014
C4.5 algorithm,after,0.002213154436683035,1.0,0.0009722222222222223,0.006289308176100629,0.0371900826446281,0.05172441559520971,0.0004737858126526077,0.0055248618784530384,0.25,0.2,0.03389830508474576,0.0,0.16107742334586994
Decision quality,before,0.0012448993706342072,1.0,0.00034722222222222224,0.004634227077126779,0.017167381974248927,0.0043395710620402735,0.00033416376620473465,0.0055248618784530384,0.25,0.2,0.005780346820809247,0.0,0.15879930977465345
Gradient boosting,after,0.009682550660488278,1.0,0.0016666666666666663,0.038728897715988087,0.050595238095238096,0.12056368620505913,0.0014450663116605793,0.016574585635359115,0.25,0.2,0.032085561497326213,0.0,0.14662532647427634
Tree (graph theory),before,0.02752610830624525,0.0,0.02180555555555556,0.028136378682555446,0.0189328743545611,0.051337083238406266,0.02102727603056509,0.05156537753222836,0.125,0.2,0.010460251046025104,1.0,0.14072145092831442
Probability,before,0.1292620513175185,0.0,0.10944444444444444,0.09731876861966236,0.01337448559670782,0.4194108692096113,0.12233206747790815,0.2228360957642726,0.125,0.4,0.010422698320787491,1.0,0.055905907619532534
Algorithm,before,0.2336952762984992,0.0,0.20777777777777776,0.12843429328037073,0.011274934952298352,0.591923237405397,0.1951752630063777,0.18968692449355432,0.125,0.4,0.008293460925039872,1.0,0.036718026681456496
Artificial intelligence,after,0.004495469949512414,0.0,0.0025694444444444445,0.00959947037404833,0.2171945701357466,0.1903421894677019,0.003109039693914688,0.03314917127071823,0.25,0.4,0.17045454545454544,0.0,0.03162917527274415
Computer science,before,0.0032505705788782075,0.0,0.0022222222222222227,0.005296259516716318,0.167420814479638,0.2014902838959991,0.017714304392512488,0.020257826887661142,0.25,0.4,0.12921348314606745,0.0,0.02649450535136097
Supervised learning,before,0.03575627636766028,0.0,0.024861111111111108,0.0529625951671632,0.0464,0.6105487326159078,0.021576097550132064,0.15653775322283608,0.25,0.2,0.03740157480314961,0.0,0.025636130955030527
Boosting (machine learning),after,0.01964174562556193,0.0,0.009305555555555556,0.049983449189010265,0.043795620437956206,0.3935399478660737,0.006994071948705604,0.14180478821362802,0.125,0.4,0.041237113402061855,0.0,0.023319440140664997
Tree structure,before,0.01874265163565945,0.0,0.013611111111111109,0.025157232704402517,0.10416666666666667,0.0990524779816112,0.01333617928370877,0.029465930018416207,0.125,0.2,0.1196319018404908,0.0,0.022204938922637616
Deep learning,after,0.052631578947368425,0.0,0.03145833333333333,0.10228401191658393,0.034772182254196635,0.5675343804086236,0.02353176184328493,0.22099447513812154,0.25,0.2,0.03150912106135987,0.0,0.021343280995828846
Artificial neural network,after,0.0026972819697074486,0.0,0.0015972222222222225,0.005627275736511089,0.12669683257918551,0.17214626755898213,0.001233778524488019,0.022099447513812157,0.25,0.4,0.11627906976744184,0.0,0.02097163287292083
Reinforcement learning,after,0.0026972819697074486,0.0,0.0013888888888888892,0.006620324395895399,0.1176470588235294,0.1848744917904492,0.0013714905499154196,0.02578268876611418,0.25,0.4,0.09248554913294796,0.0,0.020480383123125043
Statistical classification,before,0.0024897987412684144,0.0,0.0015277777777777779,0.004965243296921549,0.1176470588235294,0.16611864985046446,0.001180398083766202,0.020257826887661142,0.25,0.4,0.11695906432748535,0.0,0.01972196639127693
Statistics,before,0.0021439933605366898,0.0,0.001736111111111111,0.0023171135385633896,0.12217194570135745,0.1505688577260983,0.0021870928837257413,0.009208103130755063,0.25,0.4,0.07777777777777778,0.0,0.01942508163432899
Machine learning,before,0.18030292551352103,0.0,0.144375,0.1751075802714333,0.023384859294490686,1.0,0.1398158524842071,0.4548802946593002,0.25,0.2,0.01765504753282028,0.0,0.016701397240394485
Exercise physiology,after,0.01664457990988603,0.5,0.006657080470788731,0.10220548682087142,1.0,0.10977641909872983,0.009983191510418168,0.04703247480403136,0.0,0.0,1.0,0.0,1.0000000000000002
Physical strength,before,0.0101775775245163,0.5,0.009213399371571604,0.010758472296933837,0.02654867256637168,0.04697599686602479,0.0071103901273135576,0.0022396416573348264,0.14285714285714285,0.3333333333333333,0.031141868512110725,1.0,0.17415438836288535
Evolutionary physiology,after,0.020408163265306117,1.0,0.008254779783778025,0.1242603550295858,0.053703703703703705,0.037972336633244265,0.006247309539769957,0.1007838745800672,0.14285714285714285,0.3333333333333333,0.010830324909747292,0.0,0.16181140184019432
Endurance training,before,0.007368142062019613,0.0,0.0035149384885764497,0.03980634749865519,0.17378048780487804,0.11128665567539528,0.00842850619901653,0.03135498320268757,0.14285714285714285,0.16666666666666666,0.19375,1.0,0.15407476979531304
Anaerobic exercise,before,0.007633183143387225,0.5,0.004952867870266816,0.02797202797202797,0.1543026706231454,0.10260221756556848,0.010170987279348065,0.032474804031354984,0.14285714285714285,0.16666666666666666,0.1783783783783784,0.0,0.1507436286457303
Cross-training,before,0.006467002385369732,0.5,0.0037812217074079993,0.02797202797202797,0.10542168674698796,0.10336542262147326,0.008574214252118904,0.032474804031354984,0.14285714285714285,0.16666666666666666,0.18787878787878787,0.0,0.14724498539897468
VO2 max,after,0.008428306387490063,0.5,0.0042605315013047864,0.04303388918773534,0.10263157894736842,0.04793132931508523,0.005980388184392079,0.01567749160134379,0.14285714285714285,0.16666666666666666,0.07329842931937172,0.0,0.1398982327978848
Aerobic exercise,after,0.019135966074741585,0.5,0.014006497310539491,0.05325443786982248,0.1133828996282528,0.14528394890158206,0.01967493754446195,0.04031354983202688,0.14285714285714285,0.16666666666666666,0.10541310541310543,0.0,0.1251257245493658
Basal metabolic rate,before,0.015584415584415584,0.5,0.008680832933908506,0.0710059171597633,0.055769230769230765,0.11591856959680245,0.007479300953136794,0.02127659574468085,0.14285714285714285,0.16666666666666666,0.0176678445229682,0.0,0.12310393920166822
Strength training,before,0.030850781871190038,0.0,0.014698833679501516,0.16514254975793435,0.09941520467836257,0.16766555873131306,0.021015530020176882,0.116461366181411,0.14285714285714285,0.16666666666666666,0.10773480662983426,1.0,0.1101082552848047
Muscle contraction,after,0.028730453220249138,0.5,0.018533312030675826,0.10489510489510487,0.040816326530612235,0.13983842308981428,0.01542934209220758,0.05711086226203808,0.14285714285714285,0.16666666666666666,0.010683760683760684,0.0,0.10459783021001774
Neurobiological effects of physical exercise,after,0.0381129075006626,0.5,0.016562816211322363,0.22001075847229687,0.07442489851150202,0.16686354789656135,0.022412652496883727,0.2228443449048152,0.14285714285714285,0.16666666666666666,0.07654320987654321,0.0,0.10264653317594384
Weight training,before,0.034826398091704215,0.5,0.023539436544708952,0.1161915008068854,0.07251908396946563,0.16695408789633284,0.025579094646555337,0.09854423292273236,0.14285714285714285,0.16666666666666666,0.06578947368421052,0.0,0.10240439071259493
Kinesiology,after,0.028253379273787436,0.5,0.02391223305107312,0.0457235072619688,0.0474934036939314,0.02528644198121011,0.020383654867802282,0.014557670772676374,0.14285714285714285,0.16666666666666666,0.03052064631956912,0.0,0.10150725586650647
Delayed onset muscle soreness,after,0.009435462496686987,0.5,0.004207274857538478,0.05379236148466917,0.05412371134020619,0.03790879263421304,0.0037166012863355078,0.048152295632698766,0.14285714285714285,0.3333333333333333,0.01492537313432836,0.0,0.09298300322805196
Cell physiology,after,0.010866684336072092,0.5,0.0029291154071470413,0.08122646584185045,0.0639269406392694,0.026886662601497368,0.002798361499215272,0.014557670772676374,0.14285714285714285,0.3333333333333333,0.011235955056179777,0.0,0.09120950395775693
Gluconeogenesis,after,0.034879406307977735,0.5,0.019012621824572612,0.1624529316837009,0.04325032765399738,0.4773699593030305,0.013670893759074435,0.15229563269876822,0.14285714285714285,0.3333333333333333,0.002079002079002079,0.0,0.08301660707477415
Glycogen,before,0.037317784256559766,0.5,0.02753368482718219,0.10112963959117804,0.04651162790697674,0.2727425946075053,0.029912639884368267,0.13773796192609186,0.14285714285714285,0.3333333333333333,0.012618296529968454,0.0,0.07764024334337535
Autoregulation,after,0.011290750066260272,0.5,0.0058582308142940825,0.05594405594405594,0.027093596059113302,0.04279232277959856,0.006395575124590494,0.07838745800671892,0.14285714285714285,0.5,0.0,0.0,0.06946591627387029
Physiology,before,0.1954943016167506,0.5,0.17233849922777866,0.2436793975255513,0.017264276228419653,0.2091916677266005,0.130425765624946,0.14781634938409854,0.14285714285714285,0.16666666666666666,0.00689035350509287,1.0,0.06880899453386817
Lactic acid,before,0.05825602968460113,0.5,0.04393673110720562,0.14792899408284022,0.02650602409638554,0.4060234097321149,0.039775285703990935,0.10638297872340426,0.14285714285714285,0.3333333333333333,0.005291005291005291,0.0,0.06663817948847597
Biological system,after,0.03175192154783992,0.0,0.015231400117164616,0.1689080150618612,0.022457067371202115,0.0588135429358067,0.01289117442773795,0.11086226203807392,0.14285714285714285,0.5,0.0024390243902439024,1.0,0.060320794539228235
Homeostasis,before,0.07569573283858999,0.5,0.05059381157799436,0.25766541151156536,0.04136572554169402,0.2384156024162821,0.041548596435038006,0.12989921612541994,0.14285714285714285,0.3333333333333333,0.0065543071161048684,0.0,0.05830671309230569
Muscle,before,0.14476543864298966,0.5,0.10566118123235874,0.4023668639053254,0.027548209366391185,0.4040446211735256,0.10724591331674108,0.4412094064949609,0.14285714285714285,0.3333333333333333,0.007644529383659819,0.0,0.04573978849689672
Adenosine triphosphate,before,0.15637423800689107,0.5,0.1190818554614688,0.3846153846153846,0.019675526406627543,0.7947297416084795,0.08910066306168171,0.3023516237402016,0.14285714285714285,0.3333333333333333,0.003826530612244898,0.0,0.045202981512208334
Circulatory system,before,0.15086138351444475,0.5,0.1109335889652234,0.4109736417428725,0.019963031423290204,0.3900844104664183,0.10744154235222092,0.4042553191489362,0.14285714285714285,0.3333333333333333,0.010526315789473684,0.0,0.04373427490095786
Human evolution,before,0.11423270606944078,0.5,0.05421526335410342,0.6121570736955352,0.009139009139009141,0.04598280756830155,0.03977354883427955,0.3706606942889138,0.14285714285714285,0.5,0.0008756567425569178,0.0,0.04110920256162599
Metabolism,before,0.25952822687516564,0.0,0.19007296160195986,0.7143625605164066,0.01330671989354624,1.0,0.13843952717037836,0.6730123180291154,0.14285714285714285,0.3333333333333333,0.002986695628563671,1.0,0.035865978532264885
Neurology,after,0.17402597402597406,0.0,0.15657453267295093,0.18504572350726195,0.007543753771876886,0.14163401148662152,0.10964944719519584,0.2441209406494961,0.14285714285714285,0.3333333333333333,0.002289077828646174,1.0,0.035628652544349354
Pathology,after,0.1817651736019083,0.0,0.15662778931671725,0.2630446476600323,0.009296920395119116,0.13342298813368356,0.13275959910520455,0.25643896976483765,0.14285714285714285,0.3333333333333333,0.002616088947024199,1.0,0.03473664320367294
Circuit training,before,0.004823747680890538,0.0,0.002343292325717633,0.0258203335126412,0.13043478260869565,0.1083665450681192,0.007581605143271232,0.03023516237402016,0.14285714285714285,0.16666666666666666,0.2071428571428572,0.0,0.02246577132193396
Interval training,before,0.006254969520275643,0.0,0.003674708419875379,0.026896180742334585,0.1316614420062696,0.07727899768453192,0.007780470684712727,0.03471444568868982,0.14285714285714285,0.16666666666666666,0.1901840490797546,0.0,0.021235462411911533
Outdoor fitness,before,0.0036575669228730455,0.0,0.002077009106886084,0.016675632060247445,0.12203389830508475,0.10947440501834384,0.007880918164718828,0.01343784994400896,0.14285714285714285,0.16666666666666666,0.22388059701492535,0.0,0.021039258029056384
Swimming,before,0.003127484760137821,0.0,0.0015444426692229854,0.016675632060247445,0.12408759124087593,0.058817245722398076,0.004498892965717179,0.02799552071668533,0.14285714285714285,0.16666666666666666,0.2222222222222222,0.0,0.02031193317124417
Stretching,before,0.009382454280413463,0.0,0.0060180007455930135,0.03496503496503496,0.1126005361930295,0.11243541640821277,0.0106475900658685,0.04031354983202688,0.14285714285714285,0.16666666666666666,0.14423076923076922,0.0,0.01929873648808696
Bodyweight exercise,before,0.010707659687251523,0.0,0.005378921020397294,0.054868208714362564,0.1092896174863388,0.07935547208406461,0.009110519230903622,0.07838745800671892,0.14285714285714285,0.16666666666666666,0.15306122448979592,0.0,0.019005545371037668
Fitness culture,before,0.011025708984892659,0.0,0.0059114874580603926,0.05271651425497579,0.09429280397022333,0.12595653603870438,0.012262159736608224,0.04591265397536395,0.14285714285714285,0.16666666666666666,0.1568627450980392,0.0,0.017306584209179188
Exercise,before,0.039173071826133055,0.0,0.024870852638866698,0.14685314685314685,0.10344827586206896,0.2306528879809129,0.029552349825399313,0.05935050391937291,0.14285714285714285,0.16666666666666666,0.09023941068139964,0.0,0.015845847464935815
Protein,before,0.0030744765438642987,0.0,0.0022367790381850137,0.00914470145239376,0.16483516483516486,0.19653792556033675,0.004129028174826156,0.01567749160134379,0.2857142857142857,0.3333333333333333,0.050314465408805034,0.0,0.015567492508811571
Yoga as exercise,before,0.06106546514709781,0.0,0.02582947222666028,0.3593329747175901,0.042,0.12747708472482788,0.024392101516421863,0.4300111982082867,0.14285714285714285,0.16666666666666666,0.048109965635738834,0.0,0.01544885443402498
Oxygen,before,0.002491386164855553,0.0,0.002183522394418704,0.003765465303926842,0.15018315018315018,0.17508596520081046,0.004662617559576799,0.007838745800671894,0.2857142857142857,0.3333333333333333,0.0641025641025641,0.0,0.014028310189087638
Glycolysis,after,0.056082692817386696,0.0,0.03509612824199819,0.21516944593867668,0.03825136612021858,0.4860848023128163,0.022460421459107625,0.21500559910414332,0.14285714285714285,0.3333333333333333,0.005128205128205128,0.0,0.014001595249282996
Mental health in the Middle East,after,0.01248706004140787,0.75,0.00034724633655114936,0.0663157894736842,0.0156507413509061,0.0014801780301486546,0.0004053481828859919,0.004191114836546522,0.1111111111111111,0.2,0.0016958733747880158,0.0,0.6875267656707227
Mental health professional,after,0.017727743271221532,0.5,0.008889506215709423,0.05157894736842105,0.040246406570841886,0.03204865086706726,0.007987334995449251,0.015926236378876784,0.1111111111111111,0.2,0.025432900432900432,0.0,0.43805356593031175
Recovery approach,after,0.02083333333333333,0.5,0.007431071602194597,0.07578947368421053,0.030253475061324614,0.013245150188836796,0.003166497095668928,0.06705783738474436,0.1111111111111111,0.2,0.013520822065981609,0.0,0.4218755384861281
Cultural competence in healthcare,before,0.02439182194616977,0.5,0.013334259323564137,0.06526315789473684,0.0850150279089738,0.02878769996093732,0.017604400584386427,0.10729253981559096,0.1111111111111111,0.2,0.10304054054054054,0.0,0.41825703540273984
Reactive attachment disorder,after,0.02510351966873706,0.5,0.01729286756024724,0.04912280701754385,0.0657411188240098,0.3332724176523204,0.015528063757676675,0.04694048616932104,0.1111111111111111,0.2,0.008,0.0,0.4174776462900556
Health literacy,before,0.031185300207039336,0.5,0.01791791096603931,0.07894736842105263,0.08640939597315436,0.030216122722368014,0.02051058653959019,0.14249790444258173,0.1111111111111111,0.2,0.10414394765539804,0.0,0.39095189081509424
Schizoaffective disorder,after,0.045872153209109735,0.75,0.021459823598861037,0.1407017543859649,0.08038095238095239,0.34947397829395954,0.016959275886689096,0.12657166806370496,0.1111111111111111,0.4,0.010710808179162607,0.0,0.3906694457572121
Self-medication,before,0.04199016563146998,0.75,0.018056809500659767,0.13684210526315788,0.01735357917570499,0.029070916128041017,0.011114749221154938,0.09471919530595138,0.2222222222222222,0.2,0.0044598612487611496,0.0,0.38691479410330654
Mental health inequality,after,0.0014880952380952382,0.5,0.00027779706924091946,0.007017543859649122,0.003493449781659389,9.672903152114148e-05,8.607785205876695e-05,0.002514668901927913,0.2222222222222222,0.2,0.0016968325791855204,0.0,0.3554512929854213
Social work with groups,before,0.005240683229813665,0.5,0.001180637544273908,0.022807017543859647,0.017278617710583154,0.00038943340697662553,0.0011313927423878215,0.0033528918692372176,0.2222222222222222,0.2,0.0022471910112359553,0.0,0.3453728299125337
Diagnosis of schizophrenia,after,0.006469979296066253,0.5,0.0006250434057920688,0.032280701754385965,0.01623931623931624,0.006117458360846562,0.0006390179273645753,0.0,0.2222222222222222,0.2,0.002257336343115124,0.0,0.34130962000571
Trauma model of mental disorders,before,0.00866977225672878,0.5,0.003611361900131953,0.029122807017543856,0.010629251700680272,0.01563649700213323,0.00241439552547412,0.02933780385582565,0.2222222222222222,0.2,0.0027563395810363835,0.0,0.3346124155513753
Mystical psychosis,after,0.00866977225672878,0.5,0.002916869227029655,0.03263157894736842,0.005492184199408535,0.000969445700347211,0.0016911026303570414,0.02682313495389774,0.2222222222222222,0.2,0.0005530973451327434,0.0,0.33335621853745595
Psychological resilience,before,0.016563146997929608,0.25,0.009722897423432185,0.04105263157894737,0.019862180786380215,0.01830587201979104,0.005890009537341515,0.015088013411567475,0.1111111111111111,0.4,0.01220806794055202,1.0,0.3134040826644777
Child and adolescent psychiatry,after,0.021092132505175984,0.5,0.01215362177929023,0.05333333333333333,0.04122448979591837,0.023348925255359632,0.007634420968363299,0.04442581726739313,0.1111111111111111,0.4,0.007784120394395432,0.0,0.3058694433730369
Codependency,after,0.021739130434782608,0.5,0.01187582471004931,0.05824561403508771,0.017387788111605337,0.014340124524450009,0.006598848306764607,0.08214585079631183,0.2222222222222222,0.2,0.005708354955889984,0.0,0.3014848982654571
Psychiatric survivors movement,after,0.0271092132505176,0.5,0.014167650531286897,0.07578947368421053,0.04395604395604396,0.032058880618330815,0.008249295694470108,0.11064543168482817,0.1111111111111111,0.4,0.017027863777089782,0.0,0.2937193042735639
Suicide prevention,before,0.025685817805383024,0.5,0.016320577817904018,0.05719298245614034,0.01694915254237288,0.013873318216716543,0.016377136778445697,0.07963118189438391,0.2222222222222222,0.2,0.009072580645161293,0.0,0.2920266543907681
Sex reassignment therapy,after,0.028273809523809524,0.5,0.01270921591777207,0.0894736842105263,0.008866615265998455,0.0028175117731243657,0.006293034873962914,0.08214585079631183,0.2222222222222222,0.2,0.0020554984583761567,0.0,0.28490685020118284
Thomas Szasz,before,0.03610248447204969,0.5,0.018056809500659767,0.10491228070175436,0.0233939844040104,0.02760874793543665,0.009152024327100557,0.06705783738474436,0.1111111111111111,0.4,0.010468594217347957,0.0,0.2707720576882948
Alcohol abuse,before,0.03752587991718426,0.5,0.02479338842975207,0.07859649122807016,0.024196460816179127,0.06001629138691444,0.02240033412277077,0.018440905280804696,0.1111111111111111,0.4,0.00998573466476462,0.0,0.2676390550918055
PARfessionals,after,0.0017468944099378885,0.5,0.00013889853462045976,0.009122807017543859,0.0017398869073510222,1.4941614514474396e-05,8.457354168503754e-05,0.0016764459346186088,0.3333333333333333,0.2,0.0005656108597285067,0.0,0.2668368250366339
Infant mental health,after,0.001099896480331263,0.25,0.00020834780193068963,0.005263157894736842,0.0008726003490401396,0.0007093405569914285,0.00013697911414535638,0.0008382229673093044,0.1111111111111111,0.2,0.0,0.0,0.2658616121301081
Mental health in Southeast Africa,after,0.0013586956521739132,0.25,0.00034724633655114936,0.005964912280701754,0.003938730853391685,0.0007712435365102912,0.0002683271723528748,0.004191114836546522,0.1111111111111111,0.2,0.0016958733747880158,0.0,0.2658297127995883
Panic attack,after,0.04296066252587992,0.5,0.035280227793596776,0.05508771929824561,0.0558173251177963,0.2648322988017205,0.02663848424224319,0.024308466051969825,0.1111111111111111,0.4,0.010213143872113677,0.0,0.26526655178207986
Mental health in aviation,after,0.0015527950310559007,0.25,0.00013889853462045976,0.008070175438596491,0.002615518744551003,0.0007151344353746757,0.0001826962287486657,0.0016764459346186088,0.1111111111111111,0.2,0.0,0.0,0.2646235574087032
Emotional intelligence,before,0.040825569358178056,0.5,0.02444614209320092,0.0982456140350877,0.018945022288261514,0.02855530222938789,0.015328985948730002,0.13914501257334452,0.2222222222222222,0.2,0.006172839506172839,0.0,0.2628050358017645
Global mental health,before,0.00355848861283644,0.25,0.0013195360788943677,0.012982456140350877,0.014840680925360103,0.00625724002860266,0.00310142202785855,0.006705783738474435,0.1111111111111111,0.2,0.007900677200902935,0.0,0.26074228833599844
World Mental Health Day,before,0.0029761904761904765,0.25,0.0019445794846864363,0.006666666666666665,0.006073752711496746,0.002497780433306693,0.0014138264367914554,0.004191114836546522,0.1111111111111111,0.2,0.0039149888143176735,0.0,0.2603735625706201
Stuttering,after,0.047489648033126296,0.5,0.036530314605180914,0.07333333333333332,0.055395683453237414,0.3563224099707462,0.031857224162483766,0.06538139145012574,0.1111111111111111,0.4,0.007469244288224956,0.0,0.25955177541957103
Emotional well-being,before,0.00381728778467909,0.25,0.0020834780193068965,0.010526315789473684,0.008639308855291577,0.001530242507803737,0.0016578307840887944,0.0016764459346186088,0.1111111111111111,0.2,0.0027901785714285715,0.0,0.25783170449287723
Social anxiety disorder,after,0.05182453416149069,0.5,0.02625182304326689,0.1487719298245614,0.07778191291403051,0.2760434165730232,0.018009425879701814,0.1533948030176027,0.1111111111111111,0.4,0.009887005649717515,0.0,0.25532464157472795
Psychophysiology,after,0.05182453416149069,0.5,0.04083616917841517,0.0750877192982456,0.06671501087744743,0.2734607435703319,0.014506321430023816,0.11483654652137468,0.1111111111111111,0.4,0.0111635895234006,0.0,0.25318840765560313
Sexual orientation change efforts,after,0.044901656314699785,0.5,0.032988401972359194,0.07719298245614034,0.012354152367879205,0.00660632279541831,0.015307948806193575,0.018440905280804696,0.2222222222222222,0.2,0.003131991051454139,0.0,0.25177481103063154
Personality disorder,after,0.0531832298136646,0.5,0.041739009653448164,0.07789473684210525,0.06943954881917519,0.3488087521748059,0.028190126495826306,0.055322715842414084,0.1111111111111111,0.4,0.01456726649528706,0.0,0.25134643777247623
Stress (biology),before,0.05389492753623189,0.5,0.04229460379193,0.07894736842105263,0.06954102920723226,0.1814598394731312,0.03107230963644462,0.02933780385582565,0.1111111111111111,0.4,0.02413793103448276,0.0,0.247002780889138
Refugee children,after,0.008216873706004142,0.25,0.001250086811584138,0.03859649122807017,0.010535187526337971,0.0007775488280895827,0.0013360562444945695,0.00586756077116513,0.1111111111111111,0.2,0.0022459292532285235,0.0,0.24351614481814576
Prenatal care in the United States,before,0.015980848861283644,0.5,0.0006250434057920688,0.08385964912280701,0.010016025641025642,2.563637488704921e-05,0.00031951922820868924,0.0033528918692372176,0.3333333333333333,0.2,0.0,0.0,0.2428148281059203
Harm reduction,before,0.052989130434782615,0.5,0.027224112785610117,0.1501754385964912,0.013684570646595964,0.02907070959869717,0.018759714644286718,0.1123218776194468,0.2222222222222222,0.2,0.006996268656716418,0.0,0.241000704681533
Major depressive disorder,after,0.1474508281573499,0.75,0.11993888464476699,0.19403508771929825,0.09712687515891176,0.5315316884990593,0.09482886892140173,0.20284995808885167,0.1111111111111111,0.4,0.044544095665171896,0.0,0.2354646337007104
Military psychiatry,after,0.013586956521739132,0.25,0.007431071602194597,0.036491228070175435,0.03309291472210437,0.024642870793670564,0.006049012888763082,0.04442581726739313,0.1111111111111111,0.2,0.00536480686695279,0.0,0.2347256689024867
Positive psychology,before,0.06644668737060043,0.25,0.05250364608653379,0.09543859649122806,0.07304526748971192,0.32105183970800577,0.020183332862229824,0.14752724224643754,0.1111111111111111,0.4,0.02063106796116505,1.0,0.23317500336078625
Obsessive‚Äìcompulsive disorder,after,0.07388716356107662,0.5,0.0490311827210223,0.15333333333333332,0.08028216325159558,0.432762503685169,0.03955320374366688,0.1709974853310981,0.1111111111111111,0.4,0.020635575732562937,0.0,0.2260749628885697
Mental health in China,after,0.01501035196687371,0.25,0.005069796513646781,0.056140350877192984,0.013997529847673941,0.0008610330681030168,0.0011344331297152587,0.0393964794635373,0.1111111111111111,0.2,0.006564551422319475,0.0,0.2255564071590729
Homelessness,before,0.10332556935817806,0.5,0.07646364330856309,0.1743859649122807,0.021685424101015646,0.012913211652166086,0.053971353002791385,0.12824811399832356,0.1111111111111111,0.2,0.013069586718474038,0.0,0.21877810461286146
Mental disorder,after,0.12034161490683233,0.5,0.09132578651295227,0.19157894736842104,0.13937988988698927,0.4615651783884044,0.07228078169794085,0.1726739312657167,0.1111111111111111,0.2,0.0749912800837112,0.0,0.21716601621355028
Seasonal affective disorder,after,0.02510351966873706,0.25,0.0213903743315508,0.028421052631578944,0.056332401118657616,0.2854221954741249,0.016625395097268028,0.018440905280804696,0.1111111111111111,0.2,0.006792819019893257,0.0,0.21641667219710573
Mind,before,0.08106884057971016,0.5,0.06069865962914092,0.13333333333333333,0.02050520059435364,0.05145258790017585,0.040581639543048616,0.08130762782900253,0.2222222222222222,0.2,0.005329272934906738,0.0,0.20446958039050786
Music therapy,after,0.08462732919254659,0.5,0.041739009653448164,0.2484210526315789,0.025108493490390574,0.06739179909048007,0.023974537499719537,0.23386420787929596,0.1111111111111111,0.4,0.01456726649528706,0.0,0.20372780689689668
Long-term effects of cannabis,before,0.08294513457556937,0.5,0.025071185498992985,0.3235087719298245,0.011782477341389729,0.023801813225586242,0.016850832339248487,0.17686504610226322,0.2222222222222222,0.2,0.0033003300330033004,0.0,0.2027166499792724
Protective factor,before,0.0022502812851606453,0.0,0.001620745542949757,0.00851581508515815,0.04,0.012967629199554444,0.005782773177865826,0.0018796992481203009,0.2,0.5714285714285714,0.0,1.0,0.00730294420866374
Epidemiology,before,0.42192774096762103,0.0,0.3449486763911399,1.0,0.004187020237264479,1.0,0.3859959919418275,1.0,0.2,0.42857142857142855,0.0,0.0,0.003229885181430083
Design of experiments,after,0.1826478309788724,0.0,0.12695840086439766,0.635036496350365,0.005305039787798408,0.5478152284684821,0.154304803127055,0.674812030075188,0.2,0.5714285714285714,0.0,0.0,0.002653374587950669
Public health,before,0.0015001875234404304,0.0,0.0009454349000540248,0.007299270072992701,0.2352941176470588,0.07789112156640661,0.003206152557878138,0.009398496240601505,0.4,0.2857142857142857,0.09090909090909093,0.0,0.00240846825675828
PubMed Central,after,0.0021252656582072768,0.0,0.0024311183144246355,0.0,0.5294117647058824,0.1331912193621413,0.010187313627208356,0.0,0.4,1.0,0.09523809523809523,0.0,0.002300145616972084
Social hygiene movement,before,0.0011251406425803227,0.0,0.0005402485143165856,0.007299270072992701,0.17647058823529413,0.06641939715217059,0.0009124928811424488,0.0075187969924812035,0.4,0.2857142857142857,0.0,0.0,0.0018422778658155343
Social psychology,before,0.0011251406425803227,0.0,0.0005402485143165856,0.007299270072992701,0.17647058823529413,0.06504234595075094,0.0012734919686792484,0.0075187969924812035,0.4,0.2857142857142857,0.125,0.0,0.0018369501602772172
JSTOR,after,0.0011251406425803227,0.0,0.0012155591572123178,0.0012165450121654502,0.2647058823529412,0.0715573300753094,0.0033764496469953077,0.0018796992481203009,0.4,0.5714285714285714,0.0,0.0,0.0017441120194755036
Health,before,0.0008751093886735843,0.0,0.0005402485143165856,0.004866180048661801,0.17647058823529413,0.0068319291550651175,0.0021189804716917923,0.003759398496240601,0.4,0.2857142857142857,0.2857142857142857,0.0,0.0015882303897153296
Scientific method,before,0.3012876609576197,0.0,0.2316315505132361,0.8467153284671534,0.0014084507042253524,0.1659652566873162,0.2859148727691421,0.5864661654135339,0.2,0.42857142857142855,0.0,0.0,0.0015342154774670455
Analysis of variance,after,0.0011251406425803227,0.0,0.0005402485143165856,0.007299270072992701,0.17647058823529413,0.08059870923828924,0.0010879619518709806,0.0075187969924812035,0.4,0.42857142857142855,0.0,0.0,0.0015211640099527855
Social determinants of health,after,0.0011251406425803227,0.0,0.000675310642895732,0.006082725060827251,0.17647058823529413,0.0681896473282459,0.002481939264580884,0.0075187969924812035,0.4,0.42857142857142855,0.0,0.0,0.001481759047348376
Regression analysis,after,0.0010001250156269532,0.0,0.000675310642895732,0.004866180048661801,0.14705882352941174,0.08587304543259486,0.001435117716453944,0.0075187969924812035,0.4,0.42857142857142855,0.0,0.0,0.0013331076350739134
Health equity,after,0.0008751093886735843,0.0,0.0005402485143165856,0.004866180048661801,0.14705882352941174,0.06414731643880008,0.0009110736827201617,0.005639097744360902,0.4,0.42857142857142855,0.0,0.0,0.0012567368380003712
Preventive healthcare,before,0.0008751093886735843,0.0,0.00040518638573743926,0.006082725060827251,0.14705882352941174,0.06320003206196588,0.0008204709711382955,0.005639097744360902,0.4,0.42857142857142855,0.0,0.0,0.0012536245990178074
Social science,before,0.000625078134766846,0.0,0.0005402485143165856,0.0024330900243309003,0.1176470588235294,0.03894276792074592,0.0012330327541188724,0.003759398496240601,0.4,0.2857142857142857,0.125,0.0,0.0012040955357751348
Statistics,after,0.0008751093886735843,0.0,0.0008103727714748785,0.0024330900243309003,0.17647058823529413,0.058842332988847036,0.002769252620309112,0.003759398496240601,0.4,0.5714285714285714,0.0,0.0,0.0012007510627626734
Biostatistics,after,0.0008751093886735843,0.0,0.0005402485143165856,0.004866180048661801,0.1176470588235294,0.08059870923828924,0.0010879619518709806,0.0075187969924812035,0.4,0.42857142857142855,0.0,0.0,0.0011104103358379356
Suicidology,before,0.0005000625078134766,0.0,0.0002701242571582928,0.0036496350364963507,0.1176470588235294,0.016676974777976913,0.0017414169840035602,0.0018796992481203009,0.4,0.2857142857142857,0.0,0.0,0.0011069852329134923
Diffusion of innovations,after,0.0008751093886735843,0.0,0.0005402485143165856,0.004866180048661801,0.1176470588235294,0.06847436825627146,0.0011676267357212588,0.0075187969924812035,0.4,0.42857142857142855,0.0,0.0,0.0010712169505524842
Disease,before,0.0008751093886735843,0.0,0.0002701242571582928,0.007299270072992701,0.17647058823529413,0.004989615266280039,0.0016614682934425885,0.003759398496240601,0.4,0.5714285714285714,0.0,0.0,0.0010549748720467245
Behavior change (public health),after,0.0007500937617202151,0.0,0.0005402485143165856,0.0036496350364963507,0.1176470588235294,0.06414731643880008,0.0009110736827201617,0.005639097744360902,0.4,0.42857142857142855,0.0,0.0,0.0010511769024585844
Atmospheric physics,after,0.055288062427361784,1.0,0.03300017232465965,0.08109651627641347,0.16817142169254848,0.5124848043826286,0.04468232355090658,0.2181818181818182,0.1111111111111111,0.2,0.045180722891566265,1.0,0.5605624691945239
Atmospheric chemistry,after,0.05213348829486966,0.0,0.032052386696536275,0.07338663620788123,0.1712491574129918,0.3283207900045847,0.036932721993397366,0.2233766233766234,0.1111111111111111,0.2,0.049155145929339485,1.0,0.222555503242305
Ionization,before,0.0008301510874979246,0.0,0.0007754609684645872,0.0005711022272986865,0.01956511690867191,0.0020540438232499294,0.0006571834679012853,0.001298701298701299,0.1111111111111111,0.6000000000000001,0.00946372239747634,1.0,0.14927070511085194
Climatology,after,0.10003320604349993,0.0,0.09400310184387384,0.03283837806967447,0.14400325613081985,0.09495092745515564,0.062040763318802164,0.042857142857142864,0.1111111111111111,0.2,0.1454248366013072,1.0,0.14788236101618987
Fluid mechanics,before,0.002075377718744812,0.0,0.0011201102877821814,0.0037121644774414627,0.03646916661714309,0.009811270843917416,0.0028546021763688804,0.010389610389610391,0.2222222222222222,0.4,0.028571428571428567,0.0,0.00602836007399247
Dissociation (chemistry),before,0.016769051967458076,0.0,0.01326899879372738,0.013992004568817818,0.009057713283065396,0.0021596950060228013,0.01687241003400869,0.012987012987012988,0.1111111111111111,0.6000000000000001,0.0021551724137931034,1.0,0.13405886645946474
Weather forecasting,after,0.12369251203719075,0.0,0.07720144752714113,0.16990291262135926,0.06720447882915649,0.5935789171023873,0.054504553159541926,0.18701298701298705,0.1111111111111111,0.4,0.012583892617449664,1.0,0.11360242995180425
Meteorology,after,0.2754441308318113,0.0,0.2312596932621058,0.18132495716733296,0.1002680684229369,0.67368088662559,0.1697145928072511,0.3103896103896104,0.1111111111111111,0.2,0.07772580064771499,1.0,0.08154226285596199
Planet,before,0.2950356964967624,0.0,0.2431500947785628,0.2093089663049686,0.012866026552467724,0.06592603448373653,0.22642044083726434,0.477922077922078,0.1111111111111111,0.4,0.0054557124518613605,1.0,0.06192395787739367
Laser,before,0.2861530798605346,0.0,0.2515940031018439,0.15077098800685326,0.0019703098064660324,0.007924391088497438,0.25201275050309385,0.29350649350649355,0.1111111111111111,0.4,0.0006193868070610097,1.0,0.0597548510236951
Precipitation,before,0.016686036858708283,0.0,0.008357745993451663,0.029982866933181036,0.2414307693323561,0.31244099296916544,0.009920737603577291,0.112987012987013,0.1111111111111111,0.4,0.04615384615384616,0.0,0.0551143554471539
Satellite,before,0.32392495434169016,0.0,0.2789074616577632,0.1901770416904626,0.00495126044082433,0.05219165022868902,0.1821193369740509,0.25974025974025977,0.1111111111111111,0.4,0.0036775106082036772,1.0,0.054632946932652506
Cloud physics,after,0.04906192927112735,0.0,0.02576253661899017,0.08366647629925758,0.14115805946791862,0.5772624656558177,0.0430308128371197,0.1974025974025974,0.1111111111111111,0.2,0.016666666666666666,0.0,0.05141397627611072
Drizzle,before,0.02332724555869168,0.0,0.014302946751680163,0.03312392918332382,0.17093657433764864,0.36204216338150175,0.0125431739514984,0.1155844155844156,0.1111111111111111,0.4,0.021413276231263385,0.0,0.04248829103526047
Atmospheric river,before,0.024406441972438984,0.0,0.011890401516457004,0.04483152484294689,0.17579551382368286,0.3179692703593908,0.009530356633727428,0.1181818181818182,0.1111111111111111,0.4,0.022779043280182237,0.0,0.041802256079269136
Dust devil,before,0.04042835796114893,0.0,0.019041874892297087,0.07624214734437465,0.1399303794450297,0.6045257584313093,0.021625310032883708,0.17922077922077922,0.1111111111111111,0.4,0.019157088122605363,0.0,0.04149618361230181
Freezing rain,before,0.030383529802424036,0.0,0.01878338790280889,0.042547115933752135,0.14613126789410294,0.5300965835076916,0.01726417096212995,0.12207792207792208,0.1111111111111111,0.4,0.01730769230769231,0.0,0.04128409862203125
Mesocyclone,after,0.03835298024240412,0.0,0.018955712562467687,0.0693889206167904,0.14089903405104962,0.4728512019436351,0.017536353255292243,0.1844155844155844,0.1111111111111111,0.4,0.017241379310344827,0.0,0.03906309263178796
Dust storm,before,0.051137306989872164,0.0,0.03704980182664139,0.05339805825242719,0.12049365288160245,0.6687199379140978,0.03587365076252591,0.13766233766233768,0.1111111111111111,0.4,0.015068493150684932,0.0,0.036364709394235716
Waterspout,before,0.05321268470861697,0.0,0.030070653110460106,0.08366647629925758,0.12145461930848644,0.6055043518792722,0.022988228108030875,0.19090909090909086,0.1111111111111111,0.4,0.01694915254237288,0.0,0.03623384388373989
Geologic modelling,after,0.010293873484974264,0.0,0.010167154919869031,0.0019988577955454027,0.2498827941865917,0.00545698890336247,0.008495012904862173,0.007792207792207794,0.2222222222222222,0.4,0.37942122186495175,0.0,0.03485757408499461
Policy-based evidence making,after,0.001968294499414832,1.0,0.0014430785676109036,0.008308157099697884,0.11320754716981132,0.02566174345383952,0.0012691997306044356,0.0030303030303030303,0.2,0.2,0.12626262626262627,0.0,0.67289932232951
Evidence-based practice,after,0.012128949888285988,0.3333333333333333,0.007268840192410477,0.0702416918429003,0.16030534351145034,0.03897361912163612,0.008717661694000562,0.048484848484848485,0.2,0.2,0.10299003322259136,1.0,0.3846169090059206
Evidence-Informed Policy Network,after,0.0023406745398446647,0.6666666666666666,0.0014430785676109036,0.013595166163141994,0.1021897810218978,0.01825542766317529,0.001448611912986147,0.0030303030303030303,0.2,0.4,0.115,0.0,0.305816568148595
Evidence-based legislation,after,0.004362166187892329,0.3333333333333333,0.0014430785676109036,0.04229607250755287,0.1828358208955224,0.01418938541675589,0.0015279630173227286,0.03787878787878788,0.2,0.2,0.115,0.0,0.2448743844228374
Science studies,before,0.040802213001383134,0.3333333333333333,0.02298236237306253,0.2552870090634441,0.20600858369098712,0.9836444353570698,0.027237922726729508,0.2787878787878788,0.2,0.2,0.2620967741935484,0.0,0.16415638567484694
Public policy,before,0.11006490052133204,0.3333333333333333,0.09481560662747196,0.22356495468277945,0.01867816091954023,0.13682532662743682,0.08374528098323769,0.30606060606060603,0.2,0.2,0.0097385955920041,1.0,0.13572883831112814
Randomized controlled trial,after,0.09586126183636558,0.3333333333333333,0.060823089257081776,0.5022658610271903,0.028772378516624036,0.04457935709959923,0.09965677286166884,0.6863636363636363,0.2,0.4,0.02379125095932464,1.0,0.13471628605818164
Health policy,after,0.045164379189275454,0.3333333333333333,0.029556386958845538,0.2243202416918429,0.02705749718151071,0.0478722507289683,0.050132141936675735,0.3,0.4,0.2,0.012162162162162165,0.0,0.09869497393893496
Global governance,after,0.04628151931056496,0.3333333333333333,0.02512025654730091,0.3028700906344411,0.013100436681222708,0.01830908162132337,0.02653673383141563,0.30606060606060603,0.4,0.2,0.00909090909090909,0.0,0.09614275707728988
Regulation of science,after,0.016065538887115653,0.0,0.0073757349011223956,0.12462235649546828,0.4504792332268371,0.4973311009765934,0.005177283490182739,0.1636363636363636,0.2,0.2,0.6213592233009708,0.0,0.09182540593051393
Positivism,before,0.1280455367592297,0.3333333333333333,0.08038482095136291,0.6827794561933535,0.07564766839378237,0.959534962599954,0.06734370346217551,0.8954545454545453,0.2,0.2,0.08280254777070062,0.0,0.08166805941712167
Scientocracy,before,0.01845941057559315,0.0,0.007161945483698556,0.16163141993957705,0.39775910364145656,0.4743574061284653,0.005125053658835877,0.1636363636363636,0.2,0.2,0.6336633663366337,0.0,0.07943858349211848
Transhumanism,before,0.10474518565804873,0.3333333333333333,0.05927311598075896,0.6503021148036254,0.08387864366448543,0.7800679347609242,0.06341602607109345,0.6166666666666666,0.2,0.4,0.1096938775510204,0.0,0.07758525813157632
Empiricism,before,0.1416108096606022,0.3333333333333333,0.08695884553714593,0.7824773413897281,0.0679886685552408,0.90805206523053,0.0854570585116997,1.0,0.2,0.2,0.07615112160566706,0.0,0.07628924746579595
Technology policy,after,0.022289605277157145,0.0,0.010742918225547836,0.16540785498489427,0.361323155216285,0.5539980852156071,0.009627452491953344,0.21818181818181812,0.2,0.2,0.4868913857677903,0.0,0.07295967389667125
